INSERT INTO `umtministudentmanagementsystem`.`program` (`ID`, `Name`, `Duration`) VALUES ('1', 'BSCS', '4');
INSERT INTO `umtministudentmanagementsystem`.`program` (`ID`, `Name`, `Duration`) VALUES ('2', 'BSSE', '4');
INSERT INTO `umtministudentmanagementsystem`.`program` (`ID`, `Name`, `Duration`) VALUES ('3', 'BSIT', '4');
INSERT INTO `umtministudentmanagementsystem`.`student` (`ID`, `FirstName`, `LastName`, `studentAddress`, `DOB`, `programID`) VALUES ('91014020001', 'Hassan', 'Butt', 'house h3 iqbal colony sialkot cantt', '2000-05-17', '1');
INSERT INTO `umtministudentmanagementsystem`.`student` (`ID`, `FirstName`, `LastName`, `studentAddress`, `DOB`, `programID`) VALUES ('19014020002', 'Abdul', 'Hasib', 'house h4 iqbal colony sialkot cantt', '2000-05-17', '1');
INSERT INTO `umtministudentmanagementsystem`.`student` (`ID`, `FirstName`, `LastName`, `studentAddress`, `DOB`, `programID`) VALUES ('19014020003', 'Husnain', 'Jalferazy', 'house h5 iqbal colony sialkot cantt', '2000-05-17', '1');
INSERT INTO `umtministudentmanagementsystem`.`student` (`ID`, `FirstName`, `LastName`, `studentAddress`, `DOB`, `programID`) VALUES ('19014020006', 'Muneeb', 'rehman', 'house h6 iqbal colony sialkot cantt', '2000-05-17', '1');
INSERT INTO `umtministudentmanagementsystem`.`student` (`ID`, `FirstName`, `LastName`, `studentAddress`, `DOB`, `programID`) VALUES ('19014020019', 'Reemab', 'George', 'house h7 iqbal colony sialkot cantt', '2000-05-17', '1');
INSERT INTO `umtministudentmanagementsystem`.`student` (`ID`, `FirstName`, `LastName`, `studentAddress`, `DOB`, `programID`) VALUES ('19014020023', 'Zeeshan', 'Ahmed', 'house h8 iqbal colony sialkot cantt', '2000-05-17', '1');
INSERT INTO `umtministudentmanagementsystem`.`department` (`ID`, `name`) VALUES ('1', 'Knowledge unit of science and technology');
INSERT INTO `umtministudentmanagementsystem`.`department` (`ID`, `name`) VALUES ('2', 'knowlege unit of science');
INSERT INTO `umtministudentmanagementsystem`.`subjects` (`ID`, `Name`, `Department_ID`) VALUES ('ma101', 'Calculus1', '2');
INSERT INTO `umtministudentmanagementsystem`.`subjects` (`ID`, `Name`, `Department_ID`) VALUES ('en11', 'english', '2');
INSERT INTO `umtministudentmanagementsystem`.`subjects` (`ID`, `Name`, `Department_ID`) VALUES ('db1', 'database', '1');
INSERT INTO `umtministudentmanagementsystem`.`student_enrollment` (`Student_ID`, `Subjects_ID`) VALUES ('19014020002', 'db1');
INSERT INTO `umtministudentmanagementsystem`.`student_enrollment` (`Student_ID`, `Subjects_ID`) VALUES ('19014020003', 'en11');
INSERT INTO `umtministudentmanagementsystem`.`student_enrollment` (`Student_ID`, `Subjects_ID`) VALUES ('19014020006', 'ma101');
INSERT INTO `umtministudentmanagementsystem`.`teacher` (`ID`, `firstName`, `middleName`, `lastName`, `Salary`, `Department_ID`) VALUES ('1', 'ALI', 'USMAN', 'KHAN', '30000', '1');
INSERT INTO `umtministudentmanagementsystem`.`teacher` (`ID`, `firstName`, `middleName`, `lastName`, `Salary`, `Department_ID`) VALUES ('2', 'AHMED', 'IBHRAHIM', 'MALIK', '32000', '1');
INSERT INTO `umtministudentmanagementsystem`.`teacher` (`ID`, `firstName`, `middleName`, `lastName`, `Salary`, `Department_ID`) VALUES ('3', 'ZEESHAN', 'AHMED', 'SHIEKH', '40000', '2');
INSERT INTO `umtministudentmanagementsystem`.`teacher_subject` (`Subjects_ID`, `Teacher_ID`) VALUES ('db1', '1');
INSERT INTO `umtministudentmanagementsystem`.`teacher_subject` (`Subjects_ID`, `Teacher_ID`) VALUES ('en11', '2');
INSERT INTO `umtministudentmanagementsystem`.`teacher_subject` (`Subjects_ID`, `Teacher_ID`) VALUES ('ma101', '3');
UPDATE `umtministudentmanagementsystem`.`student` SET `ID` = '19014020001' WHERE (`ID` = '91014020001');
INSERT INTO `umtministudentmanagementsystem`.`student` (`ID`, `FirstName`, `LastName`, `studentAddress`, `DOB`, `programID`) VALUES ('19014020005', 'hamid', 'murtaza', 'house h9 daska', '2000-05-17 00:00:00', '1');
INSERT INTO `umtministudentmanagementsystem`.`student` (`ID`, `FirstName`, `LastName`, `studentAddress`, `DOB`, `programID`) VALUES ('19014020022', 'muzamil', 'ali', 'house h1 harar', '2000-05-17 00:00:00', '1');
INSERT INTO `umtministudentmanagementsystem`.`student` (`ID`, `FirstName`, `LastName`, `studentAddress`, `DOB`, `programID`) VALUES ('19014020016', 'shifa', 'ali', 'house h2 model town', '2000-05-17 00:00:00', '1');
INSERT INTO `umtministudentmanagementsystem`.`student` (`ID`, `FirstName`, `LastName`, `studentAddress`, `DOB`, `programID`) VALUES ('19014020017', 'ibrar', 'ahmed', 'cantt', '2000-05-17 00:00:00', '1');
INSERT INTO `umtministudentmanagementsystem`.`subjects` (`ID`, `Name`, `Department_ID`) VALUES ('coal4', 'computer organization and assembly language', '1');
INSERT INTO `umtministudentmanagementsystem`.`subjects` (`ID`, `Name`, `Department_ID`) VALUES ('dsa3', 'data structure and algorithm', '1');
INSERT INTO `umtministudentmanagementsystem`.`subjects` (`ID`, `Name`, `Department_ID`) VALUES ('pf1', 'programming fundamental', '1');
INSERT INTO `umtministudentmanagementsystem`.`subjects` (`ID`, `Name`, `Department_ID`) VALUES ('oop2', 'object oriented programming', '1');
INSERT INTO `umtministudentmanagementsystem`.`subjects` (`ID`, `Name`, `Department_ID`) VALUES ('cn6', 'computer network', '1');
INSERT INTO `umtministudentmanagementsystem`.`subjects` (`ID`, `Name`, `Department_ID`) VALUES ('fg3', 'foriegn language', '2');
INSERT INTO `umtministudentmanagementsystem`.`subjects` (`ID`, `Name`, `Department_ID`) VALUES ('os6', 'operating system', '1');
INSERT INTO `umtministudentmanagementsystem`.`student_enrollment` (`Student_ID`, `Subjects_ID`) VALUES ('19014020019', 'coal4');
INSERT INTO `umtministudentmanagementsystem`.`student_enrollment` (`Student_ID`, `Subjects_ID`) VALUES ('19014020023', 'dsa3');
INSERT INTO `umtministudentmanagementsystem`.`student_enrollment` (`Student_ID`, `Subjects_ID`) VALUES ('19014020001', 'fg3');
INSERT INTO `umtministudentmanagementsystem`.`student_enrollment` (`Student_ID`, `Subjects_ID`) VALUES ('19014020005', 'oop2');
INSERT INTO `umtministudentmanagementsystem`.`student_enrollment` (`Student_ID`, `Subjects_ID`) VALUES ('19014020022', 'os6');
INSERT INTO `umtministudentmanagementsystem`.`student_enrollment` (`Student_ID`, `Subjects_ID`) VALUES ('19014020016', 'pf1');
INSERT INTO `umtministudentmanagementsystem`.`student_enrollment` (`Student_ID`, `Subjects_ID`) VALUES ('19014020017', 'cn6');
UPDATE `umtministudentmanagementsystem`.`teacher` SET `firstName` = 'shakra', `middleName` = '', `lastName` = 'mehak', `Salary` = '100000' WHERE (`ID` = '1');
UPDATE `umtministudentmanagementsystem`.`teacher` SET `firstName` = 'maroof', `middleName` = '', `lastName` = 'kaosar', `Salary` = '100000' WHERE (`ID` = '2');
UPDATE `umtministudentmanagementsystem`.`teacher` SET `firstName` = 'zahra', `middleName` = '', `lastName` = 'batool', `Department_ID` = '1' WHERE (`ID` = '3');
INSERT INTO `umtministudentmanagementsystem`.`teacher` (`ID`, `firstName`, `lastName`, `Salary`, `Department_ID`) VALUES ('4', 'sehrish', 'munawar', '1000', '1');
INSERT INTO `umtministudentmanagementsystem`.`teacher` (`ID`, `firstName`, `lastName`, `Salary`, `Department_ID`) VALUES ('5', 'hammad', 'naqvi', '200000', '1');
INSERT INTO `umtministudentmanagementsystem`.`teacher` (`ID`, `firstName`, `lastName`, `Salary`, `Department_ID`) VALUES ('6', 'asif', 'mehmood', '39000', '2');
INSERT INTO `umtministudentmanagementsystem`.`teacher` (`ID`, `firstName`, `lastName`, `Salary`, `Department_ID`) VALUES ('7', 'abdul', 'hanan', '42000', '1');
INSERT INTO `umtministudentmanagementsystem`.`teacher` (`ID`, `firstName`, `lastName`, `Salary`, `Department_ID`) VALUES ('8', 'hifza', 'munir', '50000', '1');
INSERT INTO `umtministudentmanagementsystem`.`teacher` (`ID`, `firstName`, `lastName`, `Salary`, `Department_ID`) VALUES ('9', 'hamna', 'malik', '51000', '1');
INSERT INTO `umtministudentmanagementsystem`.`teacher_subject` (`Subjects_ID`, `Teacher_ID`) VALUES ('cn6', '4');
INSERT INTO `umtministudentmanagementsystem`.`teacher_subject` (`Subjects_ID`, `Teacher_ID`) VALUES ('coal4', '5');
INSERT INTO `umtministudentmanagementsystem`.`teacher_subject` (`Subjects_ID`, `Teacher_ID`) VALUES ('dsa3', '6');
INSERT INTO `umtministudentmanagementsystem`.`teacher_subject` (`Subjects_ID`, `Teacher_ID`) VALUES ('fg3', '7');
INSERT INTO `umtministudentmanagementsystem`.`teacher_subject` (`Subjects_ID`, `Teacher_ID`) VALUES ('oop2', '2');
INSERT INTO `umtministudentmanagementsystem`.`teacher_subject` (`Subjects_ID`, `Teacher_ID`) VALUES ('os6', '8');
INSERT INTO `umtministudentmanagementsystem`.`teacher_subject` (`Subjects_ID`, `Teacher_ID`) VALUES ('pf1', '9');